fund_ticker,bbg_ticker,date,analysis_type,optticker,maturity,figi,occ_symbol,equity_underlying_ticker,equity_underlying_price,delta,strike,nav_shares,iiv_shares,trade_rebal,price,option_notional_value,option_market_value,option_delta_adjusted_notional,option_delta_adjusted_market_value,GICS_SECTOR_NAME,GICS_INDUSTRY_NAME,GICS_INDUSTRY_GROUP_NAME,REGULATORY_STRUCTURE,SECURITY_TYP
P2726,P2726,2026-05-13,eod,4SPX US 07/31/26 C5000.01,2026-07-31,,4SPX  260731C05000010,SC31761B,7444.25,-0.9854327,5000.01,-4,,,2440.37,-2977700.0,-976148.0,2934322.95079,961928.1592396,,,,,
P2726,P2726,2026-05-13,eod,4SPX US 07/31/26 C6000.01,2026-07-31,,4SPX  260731C06000010,SC31763B,7444.25,0.9481596,6000.01,4,,,1463.45,2977700.0,585380.0,2823334.84092,555033.666648,,,,,
P2726,P2726,2026-05-13,eod,4SPX US 07/31/26 P5000.01,2026-07-31,,4SPX  260731P05000010,SP31762B,7444.25,-0.0163637,5000.01,4,,,8.58,2977700.0,3432.0,-48726.18949,-56.1602184,,,,,
P2726,P2726,2026-05-13,eod,4SPX US 07/31/26 P5346.56,2026-07-31,,4SPX  260731P05346560,SP31765B,7444.25,-0.0241307,5346.56,62,,,11.91,46154350.0,73842.0,-1113736.773545,-1781.8591494,,,,,
P2726,P2726,2026-05-13,eod,4SPX US 07/31/26 P6000.01,2026-07-31,,4SPX  260731P06000010,SP31764B,7444.25,0.0536368,6000.01,-4,,,23.73,-2977700.0,-9492.0,-159714.29936,-509.1205056,,,,,
P2726,P2726,2026-05-13,eod,4XSP US 07/31/26 P534.66,2026-07-31,,4XSP  260731P00534660,XP31765B,744.43,-0.0243791,534.66,19,,,1.21,1414417.0,2299.0,-34482.2134847,-56.0475509,,,,,
P2726,P2726,2026-05-13,eod,AAPL US 05/15/26 C292.5,2026-05-15,,AAPL  260515C00292500,AAPL,298.87,0.809839,292.5,-16,,,7.25,-478192.0,-11600.0,-387258.531088,-9394.1324,Information Technology,"Technology Hardware, Storage & Peripherals",Technology Hardware & Equipment,,Common Stock
P2726,P2726,2026-05-13,eod,ABBV US 05/15/26 C200,2026-05-15,,ABBV  260515C00200000,ABBV,208.5,0.9397075,200.0,-2,,,8.6,-41700.0,-1720.0,-39185.80275,-1616.2969,Health Care,Biotechnology,"Pharmaceuticals, Biotechnology & Life Sciences",,Common Stock
P2726,P2726,2026-05-13,eod,ABT US 05/15/26 C85,2026-05-15,,ABT   260515C00085000,ABT,83.83,0.311151,85.0,-4,,,0.45,-33532.0,-180.0,-10433.515332,-56.00718,Health Care,Health Care Equipment & Supplies,Health Care Equipment & Services,,Common Stock
P2726,P2726,2026-05-13,eod,ACN US 05/15/26 C180,2026-05-15,,ACN   260515C00180000,ACN,159.64,0.015964,180.0,-1,,,0.05,-15964.0,-5.0,-254.849296,-0.07982,Information Technology,IT Services,Software & Services,,Common Stock
P2726,P2726,2026-05-13,eod,ADBE US 05/15/26 C252.5,2026-05-15,,ADBE  260515C00252500,ADBE,236.07,0.054041,252.5,-1,,,0.23,-23607.0,-23.0,-1275.745887,-1.242943,Information Technology,Software,Software & Services,,Common Stock
P2726,P2726,2026-05-13,eod,AMAT US 05/15/26 C435,2026-05-15,,AMAT  260515C00435000,AMAT,436.61,0.536502,435.0,-1,,,16.9,-43661.0,-1690.0,-23424.213822,-906.68838,Information Technology,Semiconductors & Semiconductor Equipment,Semiconductors & Semiconductor Equipment,,Common Stock
P2726,P2726,2026-05-13,eod,AMD US 05/15/26 C447.5,2026-05-15,,AMD   260515C00447500,AMD,445.5,0.482832,447.5,-2,,,9.95,-89100.0,-1990.0,-43020.3312,-960.83568,Information Technology,Semiconductors & Semiconductor Equipment,Semiconductors & Semiconductor Equipment,,Common Stock
P2726,P2726,2026-05-13,eod,AMGN US 05/15/26 C330,2026-05-15,,AMGN  260515C00330000,AMGN,336.45,0.80349,330.0,-1,,,7.6,-33645.0,-760.0,-27033.42105,-610.6524,Health Care,Biotechnology,"Pharmaceuticals, Biotechnology & Life Sciences",,Common Stock
P2726,P2726,2026-05-13,eod,AMT US 05/15/26 C175,2026-05-15,,AMT   260515C00175000,AMT,173.87,0.422735,175.0,-5,,,1.45,-86935.0,-725.0,-36750.467225,-306.482875,Real Estate,Specialized REITs,Equity Real Estate Investment Trusts,,REIT
P2726,P2726,2026-05-13,eod,AMZN US 05/15/26 C272.5,2026-05-15,,AMZN  260515C00272500,AMZN,270.13,0.370913,272.5,-12,,,1.75,-324156.0,-2100.0,-120233.674428,-778.9173,Consumer Discretionary,Broadline Retail,Consumer Discretionary Distribution & Retail,,Common Stock
P2726,P2726,2026-05-13,eod,AVGO US 05/15/26 C430,2026-05-15,,AVGO  260515C00430000,AVGO,416.79,0.229165,430.0,-6,,,2.38,-250074.0,-1428.0,-57308.20821,-327.24762,Information Technology,Semiconductors & Semiconductor Equipment,Semiconductors & Semiconductor Equipment,,Common Stock
P2726,P2726,2026-05-13,eod,AXP US 05/15/26 C315,2026-05-15,,AXP   260515C00315000,AXP,309.61,0.227303,315.0,-1,,,1.08,-30961.0,-108.0,-7037.528183,-24.548724,Financials,Consumer Finance,Financial Services,,Common Stock
P2726,P2726,2026-05-13,eod,BA US 05/15/26 C237.5,2026-05-15,,BA    260515C00237500,BA,240.6,0.644941,237.5,-2,,,5.3,-48120.0,-1060.0,-31034.56092,-683.63746,Industrials,Aerospace & Defense,Capital Goods,,Common Stock
P2726,P2726,2026-05-13,eod,BAC US 05/15/26 C51.5,2026-05-15,,BAC   260515C00051500,BAC,49.84,0.124598,51.5,-9,,,0.09,-44856.0,-81.0,-5588.967888,-10.092438,Financials,Banks,Banks,,Common Stock
P2726,P2726,2026-05-13,eod,BKNG US 05/15/26 C166.8,2026-05-15,,BKNG  260515C00166800,BKNG,155.03,0.114601,166.8,-2,,,0.19,-31006.0,-38.0,-3553.318606,-4.354838,Consumer Discretionary,"Hotels, Restaurants & Leisure",Consumer Services,,Common Stock
P2726,P2726,2026-05-13,eod,BMY US 05/15/26 C56,2026-05-15,,BMY   260515C00056000,BMY,56.39,0.609582,56.0,-3,,,0.93,-16917.0,-279.0,-10312.298694,-170.073378,Health Care,Pharmaceuticals,"Pharmaceuticals, Biotechnology & Life Sciences",,Common Stock
P2726,P2726,2026-05-13,eod,BRKB US 05/15/26 C477.5,2026-05-15,,BRKB  260515C00477500,BRK/B,485.52,0.796044,477.5,-3,,,7.62,-145656.0,-2286.0,-115948.584864,-1819.756584,Financials,Financial Services,Financial Services,,Common Stock
P2726,P2726,2026-05-13,eod,C US 05/15/26 C126,2026-05-15,,C     260515C00126000,C,124.1,0.287021,126.0,-2,,,0.59,-24820.0,-118.0,-7123.86122,-33.868478,Financials,Banks,Banks,,Common Stock
P2726,P2726,2026-05-13,eod,CAT US 05/15/26 C895,2026-05-15,,CAT   260515C00895000,CAT,902.3,0.607487,895.0,-1,,,15.25,-90230.0,-1525.0,-54813.55201,-926.417675,Industrials,Machinery,Capital Goods,,Common Stock
P2726,P2726,2026-05-13,eod,CB US 05/15/26 C320,2026-05-15,,CB    260515C00320000,CB,316.01,0.274215,320.0,-4,,,0.8,-126404.0,-320.0,-34661.87286,-87.7488,Financials,Insurance,Insurance,,Common Stock
P2726,P2726,2026-05-13,eod,CL US 05/15/26 C88,2026-05-15,,CL    260515C00088000,CL,87.87,0.475957,88.0,-1,,,0.44,-8787.0,-44.0,-4182.234159,-20.942108,Consumer Staples,Household Products,Household & Personal Products,,Common Stock
P2726,P2726,2026-05-13,eod,CMCSA US 05/15/26 C25.5,2026-05-15,,CMCSA 260515C00025500,CMCSA,24.94,0.234129,25.5,-5,,,0.1,-12470.0,-50.0,-2919.58863,-11.70645,Communication Services,Diversified Telecommunication Services,Telecommunication Services,,Common Stock
P2726,P2726,2026-05-13,eod,COP US 05/15/26 C114,2026-05-15,,COP   260515C00114000,COP,117.4,0.812778,114.0,-3,,,3.59,-35220.0,-1077.0,-28626.04116,-875.361906,Energy,"Oil, Gas & Consumable Fuels",Energy,,Common Stock
P2726,P2726,2026-05-13,eod,COST US 05/15/26 C1005,2026-05-15,,COST  260515C01005000,COST,1033.08,0.88862,1005.0,-1,,,25.1,-103308.0,-2510.0,-91801.55496,-2230.4362,Consumer Staples,Consumer Staples Distribution & Retail,Consumer Staples Distribution & Retail,,Common Stock
P2726,P2726,2026-05-13,eod,CRM US 05/15/26 C182.5,2026-05-15,,CRM   260515C00182500,CRM,165.84,0.027343,182.5,-2,,,0.07,-33168.0,-14.0,-906.912624,-0.382802,Information Technology,Software,Software & Services,,Common Stock
P2726,P2726,2026-05-13,eod,CSCO US 05/15/26 C96,2026-05-15,,CSCO  260515C00096000,CSCO,101.87,0.725785,96.0,-18,,,7.8,-183366.0,-14040.0,-133084.29231,-10190.0214,Information Technology,Communications Equipment,Technology Hardware & Equipment,,Common Stock
P2726,P2726,2026-05-13,eod,CVS US 05/15/26 C90,2026-05-15,,CVS   260515C00090000,CVS,98.11,1.0,90.0,-3,,,8.0,-29433.0,-2400.0,-29433.0,-2400.0,Health Care,Health Care Providers & Services,Health Care Equipment & Services,,Common Stock
P2726,P2726,2026-05-13,eod,CVX US 05/15/26 C180,2026-05-15,,CVX   260515C00180000,CVX,186.0,0.947053,180.0,-4,,,6.0,-74400.0,-2400.0,-70460.7432,-2272.9272,Energy,"Oil, Gas & Consumable Fuels",Energy,,Common Stock
P2726,P2726,2026-05-13,eod,DE US 05/15/26 C575,2026-05-15,,DE    260515C00575000,DE,580.65,0.619998,575.0,-1,,,11.9,-58065.0,-1190.0,-36000.18387,-737.79762,Industrials,Machinery,Capital Goods,,Common Stock
P2726,P2726,2026-05-13,eod,DHR US 05/15/26 C170,2026-05-15,,DHR   260515C00170000,DHR,165.99,0.207044,170.0,-1,,,0.6,-16599.0,-60.0,-3436.723356,-12.42264,Health Care,Life Sciences Tools & Services,"Pharmaceuticals, Biotechnology & Life Sciences",,Common Stock
P2726,P2726,2026-05-13,eod,DIS US 05/15/26 C108,2026-05-15,,DIS   260515C00108000,DIS,104.9,0.12308,108.0,-2,,,0.16,-20980.0,-32.0,-2582.2184,-3.93856,Communication Services,Entertainment,Media & Entertainment,,Common Stock
P2726,P2726,2026-05-13,eod,DUK US 05/15/26 C125,2026-05-15,,DUK   260515C00125000,DUK,123.9,0.255693,125.0,-3,,,0.28,-37170.0,-84.0,-9504.10881,-21.478212,Utilities,Electric Utilities,Utilities,,Common Stock
P2726,P2726,2026-05-13,eod,ELV US 05/15/26 C380,2026-05-15,,ELV   260515C00380000,ELV,399.64,0.934657,380.0,-1,,,19.5,-39964.0,-1950.0,-37352.632348,-1822.58115,Health Care,Health Care Providers & Services,Health Care Equipment & Services,,Common Stock
P2726,P2726,2026-05-13,eod,EMR US 05/15/26 C141,2026-05-15,,EMR   260515C00141000,EMR,137.76,0.198245,141.0,-1,,,0.45,-13776.0,-45.0,-2731.02312,-8.921025,Industrials,Electrical Equipment,Capital Goods,,Common Stock
P2726,P2726,2026-05-13,eod,ETN US 05/15/26 C402.5,2026-05-15,,ETN   260515C00402500,ETN,406.94,0.626656,402.5,-1,,,9.3,-40694.0,-930.0,-25501.139264,-582.79008,Industrials,Electrical Equipment,Capital Goods,,Common Stock
P2726,P2726,2026-05-13,eod,GE US 05/15/26 C297.5,2026-05-15,,GE    260515C00297500,GE,294.71,0.41224,297.5,-3,,,3.3,-88413.0,-990.0,-36447.37512,-408.1176,Industrials,Aerospace & Defense,Capital Goods,,Common Stock
P2726,P2726,2026-05-13,eod,GILD US 05/15/26 C131,2026-05-15,,GILD  260515C00131000,GILD,133.05,0.687972,131.0,-2,,,2.38,-26610.0,-476.0,-18306.93492,-327.474672,Health Care,Biotechnology,"Pharmaceuticals, Biotechnology & Life Sciences",,Common Stock
P2726,P2726,2026-05-13,eod,GOOG US 05/15/26 C395,2026-05-15,,GOOG  260515C00395000,GOOG,399.059,0.666938,395.0,-5,,,6.5,-199529.5,-3250.0,-133073.805671,-2167.5485,Communication Services,Interactive Media & Services,Media & Entertainment,,Common Stock
P2726,P2726,2026-05-13,eod,GOOGL US 05/15/26 C400,2026-05-15,,GOOGL 260515C00400000,GOOGL,402.62,0.611273,400.0,-6,,,5.7,-241572.0,-3420.0,-147666.441156,-2090.55366,Communication Services,Interactive Media & Services,Media & Entertainment,,Common Stock
P2726,P2726,2026-05-13,eod,HD US 05/15/26 C317.5,2026-05-15,,HD    260515C00317500,HD,302.55,0.069293,317.5,-1,,,0.28,-30255.0,-28.0,-2096.459715,-1.940204,Consumer Discretionary,Specialty Retail,Consumer Discretionary Distribution & Retail,,Common Stock
P2726,P2726,2026-05-13,eod,HON US 05/15/26 C212.5,2026-05-15,,HON   260515C00212500,HON,217.96,0.918695,212.5,-2,,,5.6,-43592.0,-1120.0,-40047.75244,-1028.9384,Industrials,Industrial Conglomerates,Capital Goods,,Common Stock
P2726,P2726,2026-05-13,eod,IBM US 05/15/26 C230,2026-05-15,,IBM   260515C00230000,IBM,214.64,0.043082,230.0,-2,,,0.12,-42928.0,-24.0,-1849.424096,-1.033968,Information Technology,IT Services,Software & Services,,Common Stock
P2726,P2726,2026-05-13,eod,INTC US 05/15/26 C125,2026-05-15,,INTC  260515C00125000,INTC,120.29,0.321179,125.0,-6,,,1.82,-72174.0,-1092.0,-23180.773146,-350.727468,Information Technology,Semiconductors & Semiconductor Equipment,Semiconductors & Semiconductor Equipment,,Common Stock
P2726,P2726,2026-05-13,eod,ISRG US 05/15/26 C450,2026-05-15,,ISRG  260515C00450000,ISRG,432.27,0.090395,450.0,-1,,,0.6,-43227.0,-60.0,-3907.504665,-5.4237,Health Care,Health Care Equipment & Supplies,Health Care Equipment & Services,,Common Stock
P2726,P2726,2026-05-13,eod,JNJ US 05/15/26 C222.5,2026-05-15,,JNJ   260515C00222500,JNJ,230.42,0.899208,222.5,-3,,,8.0,-69126.0,-2400.0,-62158.652208,-2158.0992,Health Care,Pharmaceuticals,"Pharmaceuticals, Biotechnology & Life Sciences",,Common Stock
P2726,P2726,2026-05-13,eod,JPM US 05/15/26 C302.5,2026-05-15,,JPM   260515C00302500,JPM,300.25,0.381034,302.5,-4,,,1.7,-120100.0,-680.0,-45762.1834,-259.10312,Financials,Banks,Banks,,Common Stock
P2726,P2726,2026-05-13,eod,KO US 05/15/26 C78,2026-05-15,,KO    260515C00078000,KO,80.26,0.81014,78.0,-6,,,2.47,-48156.0,-1482.0,-39013.10184,-1200.62748,Consumer Staples,Beverages,"Food, Beverage & Tobacco",,Common Stock
P2726,P2726,2026-05-13,eod,LIN US 05/15/26 C495,2026-05-15,,LIN   260515C00495000,LIN,513.26,0.904742,495.0,-3,,,15.75,-153978.0,-4725.0,-139310.363676,-4274.90595,Materials,Chemicals,Materials,,Common Stock
P2726,P2726,2026-05-13,eod,LLY US 05/15/26 C950,2026-05-15,,LLY   260515C00950000,LLY,1015.75,0.970931,950.0,-1,,,65.0,-101575.0,-6500.0,-98622.316325,-6311.0515,Health Care,Pharmaceuticals,"Pharmaceuticals, Biotechnology & Life Sciences",,Common Stock
P2726,P2726,2026-05-13,eod,LOW US 05/15/26 C230,2026-05-15,,LOW   260515C00230000,LOW,220.45,0.107717,230.0,-1,,,0.4,-22045.0,-40.0,-2374.621265,-4.30868,Consumer Discretionary,Specialty Retail,Consumer Discretionary Distribution & Retail,,Common Stock
P2726,P2726,2026-05-13,eod,LRCX US 05/15/26 C295,2026-05-15,,LRCX  260515C00295000,LRCX,295.44,0.525615,295.0,-2,,,8.95,-59088.0,-1790.0,-31057.53912,-940.85085,Information Technology,Semiconductors & Semiconductor Equipment,Semiconductors & Semiconductor Equipment,,Common Stock
P2726,P2726,2026-05-13,eod,MA US 05/15/26 C497.5,2026-05-15,,MA    260515C00497500,MA,490.64,0.308503,497.5,-1,,,2.99,-49064.0,-299.0,-15136.391192,-92.242397,Financials,Financial Services,Financial Services,,Common Stock
P2726,P2726,2026-05-13,eod,MCD US 05/15/26 C275,2026-05-15,,MCD   260515C00275000,MCD,275.7,0.566448,275.0,-2,,,2.17,-55140.0,-434.0,-31233.94272,-245.838432,Consumer Discretionary,"Hotels, Restaurants & Leisure",Consumer Services,,Common Stock
P2726,P2726,2026-05-13,eod,MDLZ US 05/15/26 C62,2026-05-15,,MDLZ  260515C00062000,MDLZ,61.52,0.409933,62.0,-2,,,0.17,-12304.0,-34.0,-5043.815632,-13.937722,Consumer Staples,Food Products,"Food, Beverage & Tobacco",,Common Stock
P2726,P2726,2026-05-13,eod,MDT US 05/15/26 C76,2026-05-15,,MDT   260515C00076000,MDT,76.21,0.552533,76.0,-3,,,0.83,-22863.0,-249.0,-12632.561979,-137.580717,Health Care,Health Care Equipment & Supplies,Health Care Equipment & Services,,Common Stock
P2726,P2726,2026-05-13,eod,META US 05/15/26 C610,2026-05-15,,META  260515C00610000,META,616.63,0.667478,610.0,-3,,,10.15,-184989.0,-3045.0,-123476.087742,-2032.47051,Communication Services,Interactive Media & Services,Media & Entertainment,,Common Stock
P2726,P2726,2026-05-13,eod,MMM US 05/15/26 C143,2026-05-15,,MMM   260515C00143000,MMM,147.1,0.750701,143.0,-1,,,5.13,-14710.0,-513.0,-11042.81171,-385.109613,Industrials,Industrial Conglomerates,Capital Goods,,Common Stock
P2726,P2726,2026-05-13,eod,MO US 05/15/26 C68,2026-05-15,,MO    260515C00068000,MO,71.54,0.966954,68.0,-3,,,3.41,-21462.0,-1023.0,-20752.766748,-989.193942,Consumer Staples,Tobacco,"Food, Beverage & Tobacco",,Common Stock
P2726,P2726,2026-05-13,eod,MRK US 05/15/26 C111,2026-05-15,,MRK   260515C00111000,MRK,113.45,0.747313,111.0,-3,,,2.85,-34035.0,-855.0,-25434.797955,-638.952615,Health Care,Pharmaceuticals,"Pharmaceuticals, Biotechnology & Life Sciences",,Common Stock
P2726,P2726,2026-05-13,eod,MS US 05/15/26 C192.5,2026-05-15,,MS    260515C00192500,MS,193.83,0.604008,192.5,-2,,,3.25,-38766.0,-650.0,-23414.974128,-392.6052,Financials,Capital Markets,Financial Services,,Common Stock
P2726,P2726,2026-05-13,eod,MSFT US 05/15/26 C415,2026-05-15,,MSFT  260515C00415000,MSFT,405.21,0.175151,415.0,-8,,,0.91,-324168.0,-728.0,-56778.349368,-127.509928,Information Technology,Software,Software & Services,,Common Stock
P2726,P2726,2026-05-13,eod,MU US 05/15/26 C740,2026-05-15,,MU    260515C00740000,MU,803.63,0.838537,740.0,-1,,,69.0,-80363.0,-6900.0,-67387.348931,-5785.9053,Information Technology,Semiconductors & Semiconductor Equipment,Semiconductors & Semiconductor Equipment,,Common Stock
P2726,P2726,2026-05-13,eod,NEE US 05/15/26 C93,2026-05-15,,NEE   260515C00093000,NEE,94.85,0.860469,93.0,-9,,,2.4,-85365.0,-2160.0,-73453.936185,-1858.61304,Utilities,Electric Utilities,Utilities,,Common Stock
P2726,P2726,2026-05-13,eod,NFLX US 05/15/26 C88,2026-05-15,,NFLX  260515C00088000,NFLX,87.56,0.436881,88.0,-5,,,0.77,-43780.0,-385.0,-19126.65018,-168.199185,Communication Services,Entertainment,Media & Entertainment,,Common Stock
P2726,P2726,2026-05-13,eod,NKE US 05/15/26 C44,2026-05-15,,NKE   260515C00044000,NKE,42.34,0.133939,44.0,-5,,,0.1,-21170.0,-50.0,-2835.48863,-6.69695,Consumer Discretionary,"Textiles, Apparel & Luxury Goods",Consumer Durables & Apparel,,Common Stock
P2726,P2726,2026-05-13,eod,NOW US 05/15/26 C91,2026-05-15,,NOW   260515C00091000,NOW,87.05,0.193257,91.0,-2,,,0.5,-17410.0,-100.0,-3364.60437,-19.3257,Information Technology,Software,Software & Services,,Common Stock
P2726,P2726,2026-05-13,eod,NVDA US 05/15/26 C215,2026-05-15,,NVDA  260515C00215000,NVDA,225.83,0.874755,215.0,-27,,,11.65,-609741.0,-31455.0,-533373.988455,-27515.418525,Information Technology,Semiconductors & Semiconductor Equipment,Semiconductors & Semiconductor Equipment,,Common Stock
P2726,P2726,2026-05-13,eod,ORCL US 05/15/26 C195,2026-05-15,,ORCL  260515C00195000,ORCL,189.76,0.30717,195.0,-3,,,1.85,-56928.0,-555.0,-17486.57376,-170.47935,Information Technology,Software,Software & Services,,Common Stock
P2726,P2726,2026-05-13,eod,PEP US 05/15/26 C155,2026-05-15,,PEP   260515C00155000,PEP,149.27,0.077618,155.0,-2,,,0.12,-29854.0,-24.0,-2317.207772,-1.862832,Consumer Staples,Beverages,"Food, Beverage & Tobacco",,Common Stock
P2726,P2726,2026-05-13,eod,PFE US 05/15/26 C25.5,2026-05-15,,PFE   260515C00025500,PFE,25.96,0.814614,25.5,-7,,,0.52,-18172.0,-364.0,-14803.165608,-296.519496,Health Care,Pharmaceuticals,"Pharmaceuticals, Biotechnology & Life Sciences",,Common Stock
P2726,P2726,2026-05-13,eod,PG US 05/15/26 C146,2026-05-15,,PG    260515C00146000,PG,142.24,0.117772,146.0,-3,,,0.15,-42672.0,-45.0,-5025.566784,-5.29974,Consumer Staples,Household Products,Household & Personal Products,,Common Stock
P2726,P2726,2026-05-13,eod,PLTR US 05/15/26 C137,2026-05-15,,PLTR  260515C00137000,PLTR,130.05,0.14854,137.0,-4,,,0.48,-52020.0,-192.0,-7727.0508,-28.51968,Information Technology,Software,Software & Services,,Common Stock
P2726,P2726,2026-05-13,eod,PM US 05/15/26 C170,2026-05-15,,PM    260515C00170000,PM,187.91,0.936774,170.0,-2,,,18.32,-37582.0,-3664.0,-35205.840468,-3432.339936,Consumer Staples,Tobacco,"Food, Beverage & Tobacco",,Common Stock
P2726,P2726,2026-05-13,eod,PYPL US 05/15/26 C45.5,2026-05-15,,PYPL  260515C00045500,PYPL,45.23,0.431755,45.5,-2,,,0.43,-9046.0,-86.0,-3905.65573,-37.13093,Financials,Financial Services,Financial Services,,Common Stock
P2726,P2726,2026-05-13,eod,QCOM US 05/15/26 C220,2026-05-15,,QCOM  260515C00220000,QCOM,213.205,0.359365,220.0,-1,,,3.96,-21320.5,-396.0,-7661.8414825,-142.30854,Information Technology,Semiconductors & Semiconductor Equipment,Semiconductors & Semiconductor Equipment,,Common Stock
P2726,P2726,2026-05-13,eod,RTX US 05/15/26 C177.5,2026-05-15,,RTX   260515C00177500,RTX,178.11,0.579013,177.5,-3,,,2.28,-53433.0,-684.0,-30938.401629,-396.044892,Industrials,Aerospace & Defense,Capital Goods,,Common Stock
P2726,P2726,2026-05-13,eod,SBUX US 05/15/26 C105,2026-05-15,,SBUX  260515C00105000,SBUX,105.95,0.641427,105.0,-3,,,1.4,-31785.0,-420.0,-20387.757195,-269.39934,Consumer Discretionary,"Hotels, Restaurants & Leisure",Consumer Services,,Common Stock
P2726,P2726,2026-05-13,eod,SCHW US 05/15/26 C89,2026-05-15,,SCHW  260515C00089000,SCHW,91.17,0.715061,89.0,-3,,,3.16,-27351.0,-948.0,-19557.633411,-677.877828,Financials,Capital Markets,Financial Services,,Common Stock
P2726,P2726,2026-05-13,eod,SO US 05/15/26 C92,2026-05-15,,SO    260515C00092000,SO,93.14,0.732028,92.0,-5,,,1.47,-46570.0,-735.0,-34090.54396,-538.04058,Utilities,Electric Utilities,Utilities,,Common Stock
P2726,P2726,2026-05-13,eod,SPGI US 05/15/26 C420,2026-05-15,,SPGI  260515C00420000,SPGI,406.55,0.149767,420.0,-1,,,1.2,-40655.0,-120.0,-6088.777385,-17.97204,Financials,Capital Markets,Financial Services,,Common Stock
P2726,P2726,2026-05-13,eod,T US 05/15/26 C25,2026-05-15,,T     260515C00025000,T,24.74,0.327256,25.0,-10,,,0.12,-24740.0,-120.0,-8096.31344,-39.27072,Communication Services,Diversified Telecommunication Services,Telecommunication Services,,Common Stock
P2726,P2726,2026-05-13,eod,TJX US 05/15/26 C155,2026-05-15,,TJX   260515C00155000,TJX,147.03,0.056986,155.0,-1,,,0.13,-14703.0,-13.0,-837.865158,-0.740818,Consumer Discretionary,Specialty Retail,Consumer Discretionary Distribution & Retail,,Common Stock
P2726,P2726,2026-05-13,eod,TSLA US 05/15/26 C425,2026-05-15,,TSLA  260515C00425000,TSLA,445.185,0.861883,425.0,-3,,,21.74,-133555.5,-6522.0,-115109.2150065,-5621.200926,Consumer Discretionary,Automobiles,Automobiles & Components,,Common Stock
P2726,P2726,2026-05-13,eod,TXN US 05/15/26 C290,2026-05-15,,TXN   260515C00290000,TXN,306.34,0.891949,290.0,-1,,,17.09,-30634.0,-1709.0,-27323.965666,-1524.340841,Information Technology,Semiconductors & Semiconductor Equipment,Semiconductors & Semiconductor Equipment,,Common Stock
P2726,P2726,2026-05-13,eod,UBER US 05/15/26 C75,2026-05-15,,UBER  260515C00075000,UBER,74.7,0.4688,75.0,-4,,,0.9,-29880.0,-360.0,-14007.744,-168.768,Industrials,Ground Transportation,Transportation,,Common Stock
P2726,P2726,2026-05-13,eod,UNH US 05/15/26 C377.5,2026-05-15,,UNH   260515C00377500,UNH,401.16,0.953064,377.5,-2,,,24.6,-80232.0,-4920.0,-76466.230848,-4689.07488,Health Care,Health Care Providers & Services,Health Care Equipment & Services,,Common Stock
P2726,P2726,2026-05-13,eod,UNP US 05/15/26 C265,2026-05-15,,UNP   260515C00265000,UNP,264.65,0.483756,265.0,-1,,,2.34,-26465.0,-234.0,-12802.60254,-113.198904,Industrials,Ground Transportation,Transportation,,Common Stock
P2726,P2726,2026-05-13,eod,UPS US 05/15/26 C100,2026-05-15,,UPS   260515C00100000,UPS,98.45,0.273892,100.0,-1,,,0.37,-9845.0,-37.0,-2696.46674,-10.134004,Industrials,Air Freight & Logistics,Transportation,,Common Stock
P2726,P2726,2026-05-13,eod,USB US 05/15/26 C55,2026-05-15,,USB   260515C00055000,USB,52.74,0.069723,55.0,-2,,,0.05,-10548.0,-10.0,-735.438204,-0.69723,Financials,Banks,Banks,,Common Stock
P2726,P2726,2026-05-13,eod,V US 05/15/26 C320,2026-05-15,,V     260515C00320000,V,320.31,0.525063,320.0,-3,,,3.8,-96093.0,-1140.0,-50454.878859,-598.57182,Financials,Financial Services,Financial Services,,Common Stock
P2726,P2726,2026-05-13,eod,VZ US 05/15/26 C47,2026-05-15,,VZ    260515C00047000,VZ,47.21,0.569123,47.0,-6,,,0.65,-28326.0,-390.0,-16120.978098,-221.95797,Communication Services,Diversified Telecommunication Services,Telecommunication Services,,Common Stock
P2726,P2726,2026-05-13,eod,WFC US 05/15/26 C76,2026-05-15,,WFC   260515C00076000,WFC,73.53,0.114846,76.0,-4,,,0.11,-29412.0,-44.0,-3377.850552,-5.053224,Financials,Banks,Banks,,Common Stock
P2726,P2726,2026-05-13,eod,WM US 05/15/26 C220,2026-05-15,,WM    260515C00220000,WM,216.44,0.197504,220.0,-3,,,0.54,-64932.0,-162.0,-12824.329728,-31.995648,Industrials,Commercial Services & Supplies,Commercial & Professional Services,,Common Stock
P2726,P2726,2026-05-13,eod,WMT US 05/15/26 C131,2026-05-15,,WMT   260515C00131000,WMT,131.47,0.570262,131.0,-6,,,1.5,-78882.0,-900.0,-44983.407084,-513.2358,Consumer Staples,Consumer Staples Distribution & Retail,Consumer Staples Distribution & Retail,,Common Stock
P2726,P2726,2026-05-13,eod,XOM US 05/15/26 C144,2026-05-15,,XOM   260515C00144000,XOM,151.57,1.0,144.0,-9,,,7.63,-136413.0,-6867.0,-136413.0,-6867.0,Energy,"Oil, Gas & Consumable Fuels",Energy,,Common Stock
P2726,P2726,2026-05-14,eod,4SPX US 07/31/26 C5000.01,2026-07-31,,4SPX  260731C05000010,SC31761B,7501.24,-0.9861523,5000.01,-4,,,2538.63,-3000496.0,-1015452.0,2958946.0315408,1001390.3253396,,,,,
P2726,P2726,2026-05-14,eod,4SPX US 07/31/26 C6000.01,2026-07-31,,4SPX  260731C06000010,SC31763B,7501.24,0.9512686,6000.01,4,,,1558.9,3000496.0,623560.0,2854277.6292256,593173.048216,,,,,
P2726,P2726,2026-05-14,eod,4SPX US 07/31/26 P5000.01,2026-07-31,,4SPX  260731P05000010,SP31762B,7501.24,-0.0156263,5000.01,4,,,7.46,3000496.0,2984.0,-46886.6506448,-46.6288792,,,,,
P2726,P2726,2026-05-14,eod,4SPX US 07/31/26 P5346.56,2026-07-31,,4SPX  260731P05346560,SP31765B,7501.24,-0.0229294,5346.56,62,,,10.24,46507688.0,63488.0,-1066393.3812272,-1455.7417472,,,,,
P2726,P2726,2026-05-14,eod,4SPX US 07/31/26 P6000.01,2026-07-31,,4SPX  260731P06000010,SP31764B,7501.24,0.05051,6000.01,-4,,,19.92,-3000496.0,-7968.0,-151555.05296,-402.46368,,,,,
P2726,P2726,2026-05-14,eod,4XSP US 07/31/26 P534.66,2026-07-31,,4XSP  260731P00534660,XP31765B,750.12,-0.0231264,534.66,19,,,1.03,1425228.0,1957.0,-32960.3928192,-45.2583648,,,,,
P2726,P2726,2026-05-14,eod,AAPL US 05/15/26 C292.5,2026-05-15,,AAPL  260515C00292500,AAPL,298.21,0.865682,292.5,-16,,,5.96,-477136.0,-9536.0,-413048.046752,-8255.143552,Information Technology,"Technology Hardware, Storage & Peripherals",Technology Hardware & Equipment,,Common Stock
P2726,P2726,2026-05-14,eod,ABBV US 05/15/26 C200,2026-05-15,,ABBV  260515C00200000,ABBV,210.77,0.855383,200.0,-2,,,10.95,-42154.0,-2190.0,-36057.814982,-1873.28877,Health Care,Biotechnology,"Pharmaceuticals, Biotechnology & Life Sciences",,Common Stock
P2726,P2726,2026-05-14,eod,ABT US 05/15/26 C85,2026-05-15,,ABT   260515C00085000,ABT,84.9,0.456994,85.0,-4,,,0.5,-33960.0,-200.0,-15519.51624,-91.3988,Health Care,Health Care Equipment & Supplies,Health Care Equipment & Services,,Common Stock
P2726,P2726,2026-05-14,eod,ACN US 05/15/26 C180,2026-05-15,,ACN   260515C00180000,ACN,163.99,0.05261,180.0,-1,,,0.1,-16399.0,-10.0,-862.75139,-0.5261,Information Technology,IT Services,Software & Services,,Common Stock
P2726,P2726,2026-05-14,eod,ADBE US 05/15/26 C252.5,2026-05-15,,ADBE  260515C00252500,ADBE,237.01,0.02677,252.5,-1,,,0.08,-23701.0,-8.0,-634.47577,-0.21416,Information Technology,Software,Software & Services,,Common Stock
P2726,P2726,2026-05-14,eod,AMAT US 05/15/26 C435,2026-05-15,,AMAT  260515C00435000,AMAT,440.56,0.572775,435.0,-1,,,20.27,-44056.0,-2027.0,-25234.1754,-1161.014925,Information Technology,Semiconductors & Semiconductor Equipment,Semiconductors & Semiconductor Equipment,,Common Stock
P2726,P2726,2026-05-14,eod,AMD US 05/15/26 C447.5,2026-05-15,,AMD   260515C00447500,AMD,449.7,0.556936,447.5,-2,,,8.65,-89940.0,-1730.0,-50090.82384,-963.49928,Information Technology,Semiconductors & Semiconductor Equipment,Semiconductors & Semiconductor Equipment,,Common Stock
P2726,P2726,2026-05-14,eod,AMGN US 05/15/26 C330,2026-05-15,,AMGN  260515C00330000,AMGN,336.23,0.784631,330.0,-1,,,5.6,-33623.0,-560.0,-26381.648113,-439.39336,Health Care,Biotechnology,"Pharmaceuticals, Biotechnology & Life Sciences",,Common Stock
P2726,P2726,2026-05-14,eod,AMT US 05/15/26 C175,2026-05-15,,AMT   260515C00175000,AMT,170.5,0.178227,175.0,-5,,,0.6,-85250.0,-300.0,-15193.85175,-53.4681,Real Estate,Specialized REITs,Equity Real Estate Investment Trusts,,REIT
P2726,P2726,2026-05-14,eod,AMZN US 05/15/26 C272.5,2026-05-15,,AMZN  260515C00272500,AMZN,267.22,0.154524,272.5,-12,,,0.4,-320664.0,-480.0,-49550.283936,-74.17152,Consumer Discretionary,Broadline Retail,Consumer Discretionary Distribution & Retail,,Common Stock
P2726,P2726,2026-05-14,eod,AVGO US 05/15/26 C430,2026-05-15,,AVGO  260515C00430000,AVGO,439.79,0.791302,430.0,-6,,,11.6,-263874.0,-6960.0,-208804.023948,-5507.46192,Information Technology,Semiconductors & Semiconductor Equipment,Semiconductors & Semiconductor Equipment,,Common Stock
P2726,P2726,2026-05-14,eod,AXP US 05/15/26 C315,2026-05-15,,AXP   260515C00315000,AXP,312.77,0.362926,315.0,-1,,,1.3,-31277.0,-130.0,-11351.236502,-47.18038,Financials,Consumer Finance,Financial Services,,Common Stock
P2726,P2726,2026-05-14,eod,BA US 05/15/26 C237.5,2026-05-15,,BA    260515C00237500,BA,229.21,0.136054,237.5,-2,,,0.5,-45842.0,-100.0,-6236.987468,-13.6054,Industrials,Aerospace & Defense,Capital Goods,,Common Stock
P2726,P2726,2026-05-14,eod,BAC US 05/15/26 C51.5,2026-05-15,,BAC   260515C00051500,BAC,49.85,0.040483,51.5,-9,,,0.01,-44865.0,-9.0,-1816.269795,-0.364347,Financials,Banks,Banks,,Common Stock
P2726,P2726,2026-05-14,eod,BKNG US 05/15/26 C166.8,2026-05-15,,BKNG  260515C00166800,BKNG,154.48,0.097389,166.8,-2,,,0.05,-30896.0,-10.0,-3008.930544,-0.97389,Consumer Discretionary,"Hotels, Restaurants & Leisure",Consumer Services,,Common Stock
P2726,P2726,2026-05-14,eod,BMY US 05/15/26 C56,2026-05-15,,BMY   260515C00056000,BMY,56.77,0.919649,56.0,-3,,,0.9,-17031.0,-270.0,-15662.542119,-248.30523,Health Care,Pharmaceuticals,"Pharmaceuticals, Biotechnology & Life Sciences",,Common Stock
P2726,P2726,2026-05-14,eod,BRKB US 05/15/26 C477.5,2026-05-15,,BRKB  260515C00477500,BRK/B,484.06,0.872912,477.5,-3,,,7.27,-145218.0,-2181.0,-126762.534816,-1903.821072,Financials,Financial Services,Financial Services,,Common Stock
P2726,P2726,2026-05-14,eod,C US 05/15/26 C126,2026-05-15,,C     260515C00126000,C,124.82,0.311754,126.0,-2,,,0.42,-24964.0,-84.0,-7782.626856,-26.187336,Financials,Banks,Banks,,Common Stock
P2726,P2726,2026-05-14,eod,CAT US 05/15/26 C895,2026-05-15,,CAT   260515C00895000,CAT,920.22,0.926537,895.0,-1,,,21.52,-92022.0,-2152.0,-85261.787814,-1993.907624,Industrials,Machinery,Capital Goods,,Common Stock
P2726,P2726,2026-05-14,eod,CB US 05/15/26 C320,2026-05-15,,CB    260515C00320000,CB,320.09,0.492937,320.0,-4,,,1.15,-128036.0,-460.0,-63113.681732,-226.75102,Financials,Insurance,Insurance,,Common Stock
P2726,P2726,2026-05-14,eod,CL US 05/15/26 C88,2026-05-15,,CL    260515C00088000,CL,88.84,0.709906,88.0,-1,,,1.2,-8884.0,-120.0,-6306.804904,-85.18872,Consumer Staples,Household Products,Household & Personal Products,,Common Stock
P2726,P2726,2026-05-14,eod,CMCSA US 05/15/26 C25.5,2026-05-15,,CMCSA 260515C00025500,CMCSA,25.17,0.327965,25.5,-5,,,0.08,-12585.0,-40.0,-4127.439525,-13.1186,Communication Services,Diversified Telecommunication Services,Telecommunication Services,,Common Stock
P2726,P2726,2026-05-14,eod,COP US 05/15/26 C114,2026-05-15,,COP   260515C00114000,COP,118.97,0.886488,114.0,-3,,,5.26,-35691.0,-1578.0,-31639.643208,-1398.878064,Energy,"Oil, Gas & Consumable Fuels",Energy,,Common Stock
P2726,P2726,2026-05-14,eod,COST US 05/15/26 C1005,2026-05-15,,COST  260515C01005000,COST,1041.25,1.0,1005.0,-1,,,31.65,-104125.0,-3165.0,-104125.0,-3165.0,Consumer Staples,Consumer Staples Distribution & Retail,Consumer Staples Distribution & Retail,,Common Stock
P2726,P2726,2026-05-14,eod,CRM US 05/15/26 C182.5,2026-05-15,,CRM   260515C00182500,CRM,167.58,0.018752,182.5,-2,,,0.04,-33516.0,-8.0,-628.492032,-0.150016,Information Technology,Software,Software & Services,,Common Stock
P2726,P2726,2026-05-14,eod,CSCO US 05/15/26 C96,2026-05-15,,CSCO  260515C00096000,CSCO,115.53,1.0,96.0,-18,,,19.51,-207954.0,-35118.0,-207954.0,-35118.0,Information Technology,Communications Equipment,Technology Hardware & Equipment,,Common Stock
P2726,P2726,2026-05-14,eod,CVS US 05/15/26 C90,2026-05-15,,CVS   260515C00090000,CVS,97.15,0.950526,90.0,-3,,,7.49,-29145.0,-2247.0,-27703.08027,-2135.831922,Health Care,Health Care Providers & Services,Health Care Equipment & Services,,Common Stock
P2726,P2726,2026-05-14,eod,CVX US 05/15/26 C180,2026-05-15,,CVX   260515C00180000,CVX,186.64,1.0,180.0,-4,,,6.28,-74656.0,-2512.0,-74656.0,-2512.0,Energy,"Oil, Gas & Consumable Fuels",Energy,,Common Stock
P2726,P2726,2026-05-14,eod,DE US 05/15/26 C575,2026-05-15,,DE    260515C00575000,DE,574.64,0.500697,575.0,-1,,,8.07,-57464.0,-807.0,-28772.052408,-404.062479,Industrials,Machinery,Capital Goods,,Common Stock
P2726,P2726,2026-05-14,eod,DHR US 05/15/26 C170,2026-05-15,,DHR   260515C00170000,DHR,164.54,0.102809,170.0,-1,,,0.1,-16454.0,-10.0,-1691.619286,-1.02809,Health Care,Life Sciences Tools & Services,"Pharmaceuticals, Biotechnology & Life Sciences",,Common Stock
P2726,P2726,2026-05-14,eod,DIS US 05/15/26 C108,2026-05-15,,DIS   260515C00108000,DIS,105.42,0.098876,108.0,-2,,,0.07,-21084.0,-14.0,-2084.701584,-1.384264,Communication Services,Entertainment,Media & Entertainment,,Common Stock
P2726,P2726,2026-05-14,eod,DUK US 05/15/26 C125,2026-05-15,,DUK   260515C00125000,DUK,124.31,0.191866,125.0,-3,,,0.18,-37293.0,-54.0,-7155.258738,-10.360764,Utilities,Electric Utilities,Utilities,,Common Stock
P2726,P2726,2026-05-14,eod,ELV US 05/15/26 C380,2026-05-15,,ELV   260515C00380000,ELV,396.71,0.928673,380.0,-1,,,16.1,-39671.0,-1610.0,-36841.386583,-1495.16353,Health Care,Health Care Providers & Services,Health Care Equipment & Services,,Common Stock
P2726,P2726,2026-05-14,eod,EMR US 05/15/26 C141,2026-05-15,,EMR   260515C00141000,EMR,137.88,0.243135,141.0,-1,,,0.7,-13788.0,-70.0,-3352.34538,-17.01945,Industrials,Electrical Equipment,Capital Goods,,Common Stock
P2726,P2726,2026-05-14,eod,ETN US 05/15/26 C402.5,2026-05-15,,ETN   260515C00402500,ETN,408.1,0.741303,402.5,-1,,,7.6,-40810.0,-760.0,-30252.57543,-563.39028,Industrials,Electrical Equipment,Capital Goods,,Common Stock
P2726,P2726,2026-05-14,eod,GE US 05/15/26 C297.5,2026-05-15,,GE    260515C00297500,GE,291.54,0.213635,297.5,-3,,,0.72,-87462.0,-216.0,-18684.94437,-46.14516,Industrials,Aerospace & Defense,Capital Goods,,Common Stock
P2726,P2726,2026-05-14,eod,GILD US 05/15/26 C131,2026-05-15,,GILD  260515C00131000,GILD,132.06,0.628073,131.0,-2,,,1.93,-26412.0,-386.0,-16588.664076,-242.436178,Health Care,Biotechnology,"Pharmaceuticals, Biotechnology & Life Sciences",,Common Stock
P2726,P2726,2026-05-14,eod,GOOG US 05/15/26 C395,2026-05-15,,GOOG  260515C00395000,GOOG,397.17,0.63713,395.0,-5,,,3.92,-198585.0,-1960.0,-126524.46105,-1248.7748,Communication Services,Interactive Media & Services,Media & Entertainment,,Common Stock
P2726,P2726,2026-05-14,eod,GOOGL US 05/15/26 C400,2026-05-15,,GOOGL 260515C00400000,GOOGL,401.07,0.566076,400.0,-6,,,3.39,-240642.0,-2034.0,-136221.660792,-1151.398584,Communication Services,Interactive Media & Services,Media & Entertainment,,Common Stock
P2726,P2726,2026-05-14,eod,HD US 05/15/26 C317.5,2026-05-15,,HD    260515C00317500,HD,304.35,0.049244,317.5,-1,,,0.15,-30435.0,-15.0,-1498.74114,-0.73866,Consumer Discretionary,Specialty Retail,Consumer Discretionary Distribution & Retail,,Common Stock
P2726,P2726,2026-05-14,eod,HON US 05/15/26 C212.5,2026-05-15,,HON   260515C00212500,HON,217.72,0.702609,212.5,-2,,,5.92,-43544.0,-1184.0,-30594.406296,-831.889056,Industrials,Industrial Conglomerates,Capital Goods,,Common Stock
P2726,P2726,2026-05-14,eod,IBM US 05/15/26 C230,2026-05-15,,IBM   260515C00230000,IBM,218.37,0.03302,230.0,-2,,,0.09,-43674.0,-18.0,-1442.11548,-0.59436,Information Technology,IT Services,Software & Services,,Common Stock
P2726,P2726,2026-05-14,eod,INTC US 05/15/26 C125,2026-05-15,,INTC  260515C00125000,INTC,115.93,0.1342,125.0,-6,,,0.49,-69558.0,-294.0,-9334.6836,-39.4548,Information Technology,Semiconductors & Semiconductor Equipment,Semiconductors & Semiconductor Equipment,,Common Stock
P2726,P2726,2026-05-14,eod,ISRG US 05/15/26 C450,2026-05-15,,ISRG  260515C00450000,ISRG,428.06,0.06595,450.0,-1,,,0.16,-42806.0,-16.0,-2823.0557,-1.0552,Health Care,Health Care Equipment & Supplies,Health Care Equipment & Services,,Common Stock
P2726,P2726,2026-05-14,eod,JNJ US 05/15/26 C222.5,2026-05-15,,JNJ   260515C00222500,JNJ,230.8,0.986839,222.5,-3,,,8.67,-69240.0,-2601.0,-68328.73236,-2566.768239,Health Care,Pharmaceuticals,"Pharmaceuticals, Biotechnology & Life Sciences",,Common Stock
P2726,P2726,2026-05-14,eod,JPM US 05/15/26 C302.5,2026-05-15,,JPM   260515C00302500,JPM,299.91,0.304482,302.5,-4,,,0.87,-119964.0,-348.0,-36526.878648,-105.959736,Financials,Banks,Banks,,Common Stock
P2726,P2726,2026-05-14,eod,KO US 05/15/26 C78,2026-05-15,,KO    260515C00078000,KO,80.45,0.849107,78.0,-6,,,2.57,-48270.0,-1542.0,-40986.39489,-1309.322994,Consumer Staples,Beverages,"Food, Beverage & Tobacco",,Common Stock
P2726,P2726,2026-05-14,eod,LIN US 05/15/26 C495,2026-05-15,,LIN   260515C00495000,LIN,511.65,0.893023,495.0,-3,,,17.5,-153495.0,-5250.0,-137074.565385,-4688.37075,Materials,Chemicals,Materials,,Common Stock
P2726,P2726,2026-05-14,eod,LLY US 05/15/26 C950,2026-05-15,,LLY   260515C00950000,LLY,1006.7,0.9737773,950.0,-1,,,57.02,-100670.0,-5702.0,-98030.160791,-5552.4781646,Health Care,Pharmaceuticals,"Pharmaceuticals, Biotechnology & Life Sciences",,Common Stock
P2726,P2726,2026-05-14,eod,LOW US 05/15/26 C230,2026-05-15,,LOW   260515C00230000,LOW,223.61,0.116252,230.0,-1,,,0.25,-22361.0,-25.0,-2599.510972,-2.9063,Consumer Discretionary,Specialty Retail,Consumer Discretionary Distribution & Retail,,Common Stock
P2726,P2726,2026-05-14,eod,LRCX US 05/15/26 C295,2026-05-15,,LRCX  260515C00295000,LRCX,299.15,0.616787,295.0,-2,,,9.45,-59830.0,-1890.0,-36902.36621,-1165.72743,Information Technology,Semiconductors & Semiconductor Equipment,Semiconductors & Semiconductor Equipment,,Common Stock
P2726,P2726,2026-05-14,eod,MA US 05/15/26 C497.5,2026-05-15,,MA    260515C00497500,MA,489.94,0.166994,497.5,-1,,,0.85,-48994.0,-85.0,-8181.704036,-14.19449,Financials,Financial Services,Financial Services,,Common Stock
P2726,P2726,2026-05-14,eod,MCD US 05/15/26 C275,2026-05-15,,MCD   260515C00275000,MCD,274.97,0.492598,275.0,-2,,,1.32,-54994.0,-264.0,-27089.934412,-130.045872,Consumer Discretionary,"Hotels, Restaurants & Leisure",Consumer Services,,Common Stock
P2726,P2726,2026-05-14,eod,MDLZ US 05/15/26 C62,2026-05-15,,MDLZ  260515C00062000,MDLZ,60.97,0.325232,62.0,-2,,,0.15,-12194.0,-30.0,-3965.879008,-9.75696,Consumer Staples,Food Products,"Food, Beverage & Tobacco",,Common Stock
P2726,P2726,2026-05-14,eod,MDT US 05/15/26 C76,2026-05-15,,MDT   260515C00076000,MDT,76.97,0.841941,76.0,-3,,,1.09,-23091.0,-327.0,-19441.259631,-275.314707,Health Care,Health Care Equipment & Supplies,Health Care Equipment & Services,,Common Stock
P2726,P2726,2026-05-14,eod,META US 05/15/26 C610,2026-05-15,,META  260515C00610000,META,618.43,0.767581,610.0,-3,,,9.85,-185529.0,-2955.0,-142408.535349,-2268.201855,Communication Services,Interactive Media & Services,Media & Entertainment,,Common Stock
P2726,P2726,2026-05-14,eod,MMM US 05/15/26 C143,2026-05-15,,MMM   260515C00143000,MMM,145.12,0.701728,143.0,-1,,,3.41,-14512.0,-341.0,-10183.476736,-239.289248,Industrials,Industrial Conglomerates,Capital Goods,,Common Stock
P2726,P2726,2026-05-14,eod,MO US 05/15/26 C68,2026-05-15,,MO    260515C00068000,MO,72.41,0.988349,68.0,-3,,,4.3,-21723.0,-1290.0,-21469.905327,-1274.97021,Consumer Staples,Tobacco,"Food, Beverage & Tobacco",,Common Stock
P2726,P2726,2026-05-14,eod,MRK US 05/15/26 C111,2026-05-15,,MRK   260515C00111000,MRK,113.41,1.0,111.0,-3,,,2.22,-34023.0,-666.0,-34023.0,-666.0,Health Care,Pharmaceuticals,"Pharmaceuticals, Biotechnology & Life Sciences",,Common Stock
P2726,P2726,2026-05-14,eod,MS US 05/15/26 C192.5,2026-05-15,,MS    260515C00192500,MS,194.53,0.707749,192.5,-2,,,3.13,-38906.0,-626.0,-27535.682594,-443.050874,Financials,Capital Markets,Financial Services,,Common Stock
P2726,P2726,2026-05-14,eod,MSFT US 05/15/26 C415,2026-05-15,,MSFT  260515C00415000,MSFT,409.43,0.22757,415.0,-8,,,0.94,-327544.0,-752.0,-74539.18808,-171.13264,Information Technology,Software,Software & Services,,Common Stock
P2726,P2726,2026-05-14,eod,MU US 05/15/26 C740,2026-05-15,,MU    260515C00740000,MU,776.01,0.794993,740.0,-1,,,41.0,-77601.0,-4100.0,-61692.251793,-3259.4713,Information Technology,Semiconductors & Semiconductor Equipment,Semiconductors & Semiconductor Equipment,,Common Stock
P2726,P2726,2026-05-14,eod,NEE US 05/15/26 C93,2026-05-15,,NEE   260515C00093000,NEE,95.68,1.0,93.0,-9,,,2.03,-86112.0,-1827.0,-86112.0,-1827.0,Utilities,Electric Utilities,Utilities,,Common Stock
P2726,P2726,2026-05-14,eod,NFLX US 05/15/26 C88,2026-05-15,,NFLX  260515C00088000,NFLX,86.94,0.256525,88.0,-5,,,0.24,-43470.0,-120.0,-11151.14175,-30.783,Communication Services,Entertainment,Media & Entertainment,,Common Stock
P2726,P2726,2026-05-14,eod,NKE US 05/15/26 C44,2026-05-15,,NKE   260515C00044000,NKE,42.02,0.036196,44.0,-5,,,0.02,-21010.0,-10.0,-760.47796,-0.36196,Consumer Discretionary,"Textiles, Apparel & Luxury Goods",Consumer Durables & Apparel,,Common Stock
P2726,P2726,2026-05-14,eod,NOW US 05/15/26 C91,2026-05-15,,NOW   260515C00091000,NOW,90.5,0.447753,91.0,-2,,,1.0,-18100.0,-200.0,-8104.3293,-89.5506,Information Technology,Software,Software & Services,,Common Stock
P2726,P2726,2026-05-14,eod,NVDA US 05/15/26 C215,2026-05-15,,NVDA  260515C00215000,NVDA,235.74,0.974888,215.0,-27,,,20.85,-636498.0,-56295.0,-620514.262224,-54881.31996,Information Technology,Semiconductors & Semiconductor Equipment,Semiconductors & Semiconductor Equipment,,Common Stock
P2726,P2726,2026-05-14,eod,ORCL US 05/15/26 C195,2026-05-15,,ORCL  260515C00195000,ORCL,195.61,0.541222,195.0,-3,,,3.25,-58683.0,-975.0,-31760.530626,-527.69145,Information Technology,Software,Software & Services,,Common Stock
P2726,P2726,2026-05-14,eod,PEP US 05/15/26 C155,2026-05-15,,PEP   260515C00155000,PEP,148.67,0.036813,155.0,-2,,,0.04,-29734.0,-8.0,-1094.597742,-0.294504,Consumer Staples,Beverages,"Food, Beverage & Tobacco",,Common Stock
P2726,P2726,2026-05-14,eod,PFE US 05/15/26 C25.5,2026-05-15,,PFE   260515C00025500,PFE,25.75,0.779195,25.5,-7,,,0.32,-18025.0,-224.0,-14044.989875,-174.53968,Health Care,Pharmaceuticals,"Pharmaceuticals, Biotechnology & Life Sciences",,Common Stock
P2726,P2726,2026-05-14,eod,PG US 05/15/26 C146,2026-05-15,,PG    260515C00146000,PG,142.71,0.088443,146.0,-3,,,0.19,-42813.0,-57.0,-3786.510159,-5.041251,Consumer Staples,Household Products,Household & Personal Products,,Common Stock
P2726,P2726,2026-05-14,eod,PLTR US 05/15/26 C137,2026-05-15,,PLTR  260515C00137000,PLTR,133.73,0.201329,137.0,-4,,,0.41,-53492.0,-164.0,-10769.490868,-33.017956,Information Technology,Software,Software & Services,,Common Stock
P2726,P2726,2026-05-14,eod,PM US 05/15/26 C170,2026-05-15,,PM    260515C00170000,PM,191.86,1.0,170.0,-2,,,21.82,-38372.0,-4364.0,-38372.0,-4364.0,Consumer Staples,Tobacco,"Food, Beverage & Tobacco",,Common Stock
P2726,P2726,2026-05-14,eod,PYPL US 05/15/26 C45.5,2026-05-15,,PYPL  260515C00045500,PYPL,45.04,0.327212,45.5,-2,,,0.2,-9008.0,-40.0,-2947.525696,-13.08848,Financials,Financial Services,Financial Services,,Common Stock
P2726,P2726,2026-05-14,eod,QCOM US 05/15/26 C220,2026-05-15,,QCOM  260515C00220000,QCOM,200.08,0.08737,220.0,-1,,,0.52,-20008.0,-52.0,-1748.09896,-4.54324,Information Technology,Semiconductors & Semiconductor Equipment,Semiconductors & Semiconductor Equipment,,Common Stock
P2726,P2726,2026-05-14,eod,RTX US 05/15/26 C177.5,2026-05-15,,RTX   260515C00177500,RTX,175.68,0.299167,177.5,-3,,,0.72,-52704.0,-216.0,-15767.297568,-64.620072,Industrials,Aerospace & Defense,Capital Goods,,Common Stock
P2726,P2726,2026-05-14,eod,SBUX US 05/15/26 C105,2026-05-15,,SBUX  260515C00105000,SBUX,106.4,0.69424,105.0,-3,,,1.45,-31920.0,-435.0,-22160.1408,-301.9944,Consumer Discretionary,"Hotels, Restaurants & Leisure",Consumer Services,,Common Stock
P2726,P2726,2026-05-14,eod,SCHW US 05/15/26 C89,2026-05-15,,SCHW  260515C00089000,SCHW,89.44,0.613576,89.0,-3,,,0.99,-26832.0,-297.0,-16463.471232,-182.232072,Financials,Capital Markets,Financial Services,,Common Stock
P2726,P2726,2026-05-14,eod,SO US 05/15/26 C92,2026-05-15,,SO    260515C00092000,SO,93.68,1.0,92.0,-5,,,1.25,-46840.0,-625.0,-46840.0,-625.0,Utilities,Electric Utilities,Utilities,,Common Stock
P2726,P2726,2026-05-14,eod,SPGI US 05/15/26 C420,2026-05-15,,SPGI  260515C00420000,SPGI,403.92,0.127223,420.0,-1,,,0.3,-40392.0,-30.0,-5138.791416,-3.81669,Financials,Capital Markets,Financial Services,,Common Stock
P2726,P2726,2026-05-14,eod,T US 05/15/26 C25,2026-05-15,,T     260515C00025000,T,24.65,0.179417,25.0,-10,,,0.02,-24650.0,-20.0,-4422.62905,-3.58834,Communication Services,Diversified Telecommunication Services,Telecommunication Services,,Common Stock
P2726,P2726,2026-05-14,eod,TJX US 05/15/26 C155,2026-05-15,,TJX   260515C00155000,TJX,147.35,0.032497,155.0,-1,,,0.03,-14735.0,-3.0,-478.843295,-0.097491,Consumer Discretionary,Specialty Retail,Consumer Discretionary Distribution & Retail,,Common Stock
P2726,P2726,2026-05-14,eod,TSLA US 05/15/26 C425,2026-05-15,,TSLA  260515C00425000,TSLA,443.3,0.905696,425.0,-3,,,19.15,-132990.0,-5745.0,-120448.51104,-5203.22352,Consumer Discretionary,Automobiles,Automobiles & Components,,Common Stock
P2726,P2726,2026-05-14,eod,TXN US 05/15/26 C290,2026-05-15,,TXN   260515C00290000,TXN,308.17,0.938334,290.0,-1,,,19.02,-30817.0,-1902.0,-28916.638878,-1784.711268,Information Technology,Semiconductors & Semiconductor Equipment,Semiconductors & Semiconductor Equipment,,Common Stock
P2726,P2726,2026-05-14,eod,UBER US 05/15/26 C75,2026-05-15,,UBER  260515C00075000,UBER,74.69,0.436799,75.0,-4,,,0.63,-29876.0,-252.0,-13049.806924,-110.073348,Industrials,Ground Transportation,Transportation,,Common Stock
P2726,P2726,2026-05-14,eod,UNH US 05/15/26 C377.5,2026-05-15,,UNH   260515C00377500,UNH,399.09,0.878169,377.5,-2,,,22.8,-79818.0,-4560.0,-70093.693242,-4004.45064,Health Care,Health Care Providers & Services,Health Care Equipment & Services,,Common Stock
P2726,P2726,2026-05-14,eod,UNP US 05/15/26 C265,2026-05-15,,UNP   260515C00265000,UNP,269.34,1.0,265.0,-1,,,4.1,-26934.0,-410.0,-26934.0,-410.0,Industrials,Ground Transportation,Transportation,,Common Stock
P2726,P2726,2026-05-14,eod,UPS US 05/15/26 C100,2026-05-15,,UPS   260515C00100000,UPS,98.42,0.179514,100.0,-1,,,0.17,-9842.0,-17.0,-1766.776788,-3.051738,Industrials,Air Freight & Logistics,Transportation,,Common Stock
P2726,P2726,2026-05-14,eod,USB US 05/15/26 C55,2026-05-15,,USB   260515C00055000,USB,53.42,0.057845,55.0,-2,,,0.03,-10684.0,-6.0,-618.01598,-0.34707,Financials,Banks,Banks,,Common Stock
P2726,P2726,2026-05-14,eod,V US 05/15/26 C320,2026-05-15,,V     260515C00320000,V,322.52,0.731412,320.0,-3,,,3.0,-96756.0,-900.0,-70768.499472,-658.2708,Financials,Financial Services,Financial Services,,Common Stock
P2726,P2726,2026-05-14,eod,VZ US 05/15/26 C47,2026-05-15,,VZ    260515C00047000,VZ,47.06,0.523686,47.0,-6,,,0.31,-28236.0,-186.0,-14786.797896,-97.405596,Communication Services,Diversified Telecommunication Services,Telecommunication Services,,Common Stock
P2726,P2726,2026-05-14,eod,WFC US 05/15/26 C76,2026-05-15,,WFC   260515C00076000,WFC,73.79,0.069325,76.0,-4,,,0.05,-29516.0,-20.0,-2046.1967,-1.3865,Financials,Banks,Banks,,Common Stock
P2726,P2726,2026-05-14,eod,WM US 05/15/26 C220,2026-05-15,,WM    260515C00220000,WM,218.82,0.326469,220.0,-3,,,0.6,-65646.0,-180.0,-21431.383974,-58.76442,Industrials,Commercial Services & Supplies,Commercial & Professional Services,,Common Stock
P2726,P2726,2026-05-14,eod,WMT US 05/15/26 C131,2026-05-15,,WMT   260515C00131000,WMT,132.46,0.770386,131.0,-6,,,1.67,-79476.0,-1002.0,-61227.197736,-771.926772,Consumer Staples,Consumer Staples Distribution & Retail,Consumer Staples Distribution & Retail,,Common Stock
P2726,P2726,2026-05-14,eod,XOM US 05/15/26 C144,2026-05-15,,XOM   260515C00144000,XOM,152.78,0.78411,144.0,-9,,,8.65,-137502.0,-7785.0,-107816.69322,-6104.29635,Energy,"Oil, Gas & Consumable Fuels",Energy,,Common Stock
